這,zhè,この、その,我要買這個。,Wǒ yào mǎi zhège.,私はこれを買いたいです
那,nà,その、あの,我不要那個。,Wǒ bù yào nàge.,私はそれはいりません
哪,nǎ,どの、どれ,你喜歡哪一個？,Nǐ xǐhuān nǎ yí ge?,あなたはどれが好きですか？
是,shì,〜だ、〜である、はい,她是台灣人嗎？,Tā shì Táiwān rén ma?,彼女は台湾人ですか？
有,yǒu,もっている、ある、いる,你有護照嗎？,Nǐ yǒu hùzhào ma?,パスポートを持っていますか？
在,zài,いる、ある、存在する,我在家裡。,Wǒ zài jiālǐ.,私は家にいます
沒,méi,持っていない、ない,我沒有英日辭典。,Wǒ méiyǒu Yīng-Rì cídiǎn.,私は英和辞典を持っていません
不,bù,〜しない、〜でない,他不吃牛肉。,Tā bù chī niúròu.,彼は牛肉を食べません
的,de,〜の,這是你的東西嗎？,Zhè shì nǐ de dōngxī ma?,これはあなたのものですか？
嗎,ma,〜か？,你好嗎？,Nǐ hǎo ma?,お元気ですか？
什麼,shénme / shéme,何、なんの、どんな,這是什麼？,Zhè shì shénme?,これはなんですか？
怎麼,zěnme,どうやって、なぜ、どんな,請問最近的捷運站怎麼走？,Qǐngwèn zuìjìn de jiéyùn zhàn zěnme zǒu?,すみません、一番近いMRTの駅にはどうやっていきますか？
怎麼樣,zěnmeyàng,どんな、どのように、どうであるか,這本小說怎麼樣？,Zhè běn xiǎoshuō zěnmeyàng?,この小説はどうでしたか？
為什麼,wèishénme / wèishéme,なぜ、どうして,為什麼他不能來？,Wèishéme tā bù néng lái?,どうして彼は来られないのですか？
要,yào,〜がほしい、必要とする,我不要香菜。,Wǒ bù yào xiāngcài.,パクチーはいりません
請,qǐng,〜してください、ごちそうする、招待する,請慢用。,Qǐng màn yòng.,ごゆっくりどうぞ
請問,qǐngwèn,ちょっとお尋ねしますが、すみません,請問，你是陳先生嗎？,"Qǐngwèn, nǐ shì Chén xiānshēng ma?",すみません、あなたは陳先生ですか？
謝謝,xièxiè,感謝する,謝謝你。,Xièxiè nǐ.,ありがとうございます
再見,zàijiàn,さようなら、またね,再見。,Zàijiàn.,さようなら
對不起,duìbuqǐ,申し訳ない、すみません,對不起，打擾一下。,"Duìbuqǐ, dǎrǎo yíxià.",すみません、ちょっと失礼します
沒關係,méiguānxi,大丈夫である、差し支えない、関係ない,沒關係，我們再試一次。,"Méi guānxi, wǒmen zài shì yí cì.",大丈夫です、もう一度試してみましょう
我,wǒ,私,我愛你。,Wǒ ài nǐ.,私はあなたを愛しています
你,nǐ,あなた,你愛我嗎？,Nǐ ài wǒ ma?,あなたは私を愛していますか？
妳,nǐ,あなた,妳比我高。,Nǐ bǐ wǒ gāo.,あなたは私より背が高いです
他,tā,彼,他不愛我。,Tā bù ài wǒ.,彼は私を愛していません
她,tā,彼女,她愛吃鳳梨酥。,Tā ài chī fènglí sū.,彼女はパイナップルケーキを食べるのが好きです
我們,wǒmen,わたしたち,我們是朋友。,Wǒmen shì péngyǒu.,わたしたちは友人です
你們,nǐmen,あなたたち,你們是同學嗎？,Nǐmen shì tóngxué ma?,同級生ですか？
妳們,nǐmen,あなたたち,妳們從哪裡來？,Nǐmen cóng nǎlǐ lái?,どこの出身ですか？
他們,tāmen,彼ら,他們是日本人。,Tāmen shì Rìběn rén.,彼らは日本人です。
她們,tāmen,彼女たち,她們都會包餃子。,Tāmen dōu huì bāo jiǎozi.,みんなで餃子を作ります。
您,nín,あなた,您好。,Nín hǎo.,こんにちは。
誰,shéi / shuí,誰,你是誰？,Nǐ shì shéi?,あなたは誰ですか？
大家,dàjiā,みなさん,大家好。,Dàjiā hǎo.,こんにちは、みんな。
人,rén,人,教室裡有幾個人。,Jiàoshì lǐ yǒu jǐ gè rén.,教室には数人がいます。
男,nán,男性,你有男朋友嗎？,Nǐ yǒu nánpéngyǒu ma?,彼氏はいますか？
女,nǚ,女性,女孩子不都喜歡粉紅色。,Nǚháizi bù dōu xǐhuān fěnhóngsè.,すべての女の子がピンクを好むわけではありません。
名字,míngzi,名前,你叫什麼名字？,Nǐ jiào shénme míngzì?,お名前を頂けますか？
姓,xìng,名字は〜という,您貴姓？,Nín guìxìng?,あなたの苗字は何ですか？
叫,jiào,名前は〜という,大家好，我叫阿信。,"Dàjiā hǎo, wǒ jiào Āxìn.",皆さんこんにちは、アシンと申します。
小姐,xiǎojiě,〜さん,李小姐會說日文。,Lǐ xiǎojiě huì shuō Rìwén.,リーさんは日本語を話せます。
先生,xiānshēng,〜さん、夫,王先生很會做菜。,Wáng xiānshēng hěn huì zuò cài.,王さんは料理がとても上手です。
爸爸,bàba,お父さん,我爸爸是老師。,Wǒ bàba shì lǎoshī.,私の父は教師です。
媽媽,māma,お母さん,媽媽是美國人。,Māma shì Měiguó rén.,お母さんはアメリカ人です。
哥哥,gēge,兄,哥哥是上班族。,Gēge shì shàngbānzú.,私の兄は会社員です。
弟弟,dìdi,弟,弟弟是大學生。,Dìdi shì dàxuéshēng.,私の弟は大学生です。
姐姐,jiějie,姉,姐姐在寫功課。,Jiějie zài xiě gōngkè.,私の妹は宿題をしています。
妹妹,mèimei,妹,妹妹是高中生。,Mèimei shì gāozhōngshēng.,私の妹は高校生です。
太太,tàitai,妻、奥さん,我太太喜歡看台灣電影。,Wǒ tàitai xǐhuān kàn Táiwān diànyǐng.,私の妻は台湾映画を見るのが好きです。
孩子,háizi,子供,你有幾個孩子？,Nǐ yǒu jǐ gè háizi?,子供は何人いますか?
女兒,nǚ'ér,娘,我大女兒在日本讀書。,Wǒ dà nǚ'ér zài Rìběn dúshū.,私の長女は日本に留学しています。
兒子,érzi,息子,我二兒子在歐洲學音樂。,Wǒ èr érzi zài Ōuzhōu xué yīnyuè.,次男はヨーロッパに音楽留学中です。
朋友,péngyou,友人,她有很多外國朋友。,Tā yǒu hěn duō wàiguó péngyǒu.,彼女には外国人の友達がたくさんいます。
一,yī,1,請給我一雙筷子。,Qǐng gěi wǒ yì shuāng kuàizi.,お箸をください。
二,èr,2,我女兒小學二年級。,Wǒ nǚ'ér xiǎoxué èr niánjí.,娘は小学2年生です。
三,sān,3,這三個人是誰？,Zhè sān gè rén shì shéi?,この3人は誰ですか？
四,sì,4,小林住四樓。,Xiǎolín zhù sì lóu.,林さんは4階に住んでいます。
五,wǔ,5,今天五號。,Jīntiān wǔ hào.,今日は5日です。
六,liù,6,爺爺每天六點起床。,Yéye měitiān liù diǎn qǐchuáng.,おじいちゃんは毎日6時に起きます。
七,qī,7,七月七日七夕也是情人節。,Qī yuè qī rì Qīxì yě shì Qíngrénjié.,7月7日の七夕もバレンタインデーです。
八,bā,8,鈴木愛吃台灣八寶粥。,Língmù ài chī Táiwān bābǎozhōu.,鈴木さんは台湾の八宝粥が大好き。
九,jiǔ,9,我們九點見。,Wǒmen jiǔ diǎn jiàn.,9時に会いましょう。
十,shí,10,明天是雙十國慶。,Míngtiān shì Shuāngshí Guóqìng.,明日は10月10日建国記念日です。
零,líng,0,你看過零零七的電影嗎？,Nǐ kànguò Líng Líng Qī de diànyǐng ma?,映画「ゼロゼロセブン」を見たことがありますか？
兩,liǎng,2つ、2,我要買兩杯烏龍茶。,Wǒ yào mǎi liǎng bēi wūlóng chá.,ウーロン茶を2杯買いたいです。
百,bǎi,100,兒子今天數學考一百分。,Érzi jīntiān shùxué kǎo yì bǎi fēn.,私の息子は今日の数学のテストで100点を獲得しました。
半,bàn,半分,已經過了半年了。,Yǐjīng guò le bàn nián le.,半年が経ちました。
幾,jǐ,いくつ,你想去花蓮玩幾天？,Nǐ xiǎng qù Huālián wán jǐ tiān?,花蓮で何日間過ごしたいですか?
多少,duōshǎo,いくら、どれくらい,多少錢？,Duōshǎo qián?,いくら？
第,dì,第〜、〜番目の,這是我第一次來台灣。,Zhè shì wǒ dì yī cì lái Táiwān.,台湾に来るのは初めてです。
個,gè / ge,〜人、〜個,我有一個弟弟和一個妹妹。,Wǒ yǒu yí gè dìdi hé yí gè mèimei.,私には兄と妹がいます。
歲,suì,〜歳,小馬哥今年二十歲。,Xiǎo Mǎ Gē jīnnián èrshí suì.,馬兄さんは今年で20歳です。
本,běn,本,這是一本德文雜誌。,Zhè shì yì běn Déwén zázhì.,これはドイツの雑誌です。
張,zhāng,開ける,這張桌子是木頭做的。,Zhè zhāng zhuōzi shì mùtou zuò de.,このテーブルは木でできています。
次,cì,〜回目,我吃過幾次釋迦。,Wǒ chīguò jǐ cì shìjiā.,カスタードアップルは何度か食べたことがあります。
雙,shuāng,～足、〜膳（対になっているものを数える）,給我兩雙襪子。,Gěi wǒ liǎng shuāng wàzi.,靴下を二足ください。
件,jiàn,〜着（衣類、特に上着を数える）、（事柄や物を数える）,你這件衣服很好看。,Nǐ zhè jiàn yīfú hěn hǎokàn.,あなたのドレスは素敵ですね。
現在,xiànzài,今,現在幾點？,Xiànzài jǐ diǎn?,今何時ですか？
今年,jīnnián,今年,他今年上大學。,Tā jīnnián shàng dàxué.,彼は今年大学に行きます。
明年,míngnián,来年,明年我想去台灣找工作。,Míngnián wǒ xiǎng qù Táiwān zhǎo gōngzuò.,来年は台湾に行って仕事を探したいと思っています。
去年,qùnián,去年,去年我去北海道看朋友。,Qùnián wǒ qù Běihǎidào kàn péngyǒu.,去年、友達に会いに北海道へ行きました。
今天,jīntiān,今日,今天想去行天宮走走。,Jīntiān xiǎng qù Xíngtiāngōng zǒuzou.,今日は行天宮の周りを散歩したいと思います。
明天,míngtiān,明日,你明天有空嗎？,Nǐ míngtiān yǒu kòng ma?,明日は暇ですか？
昨天,zuótiān,昨日,他昨天沒睡覺。,Tā zuótiān méi shuìjiào.,彼は昨日寝ませんでした。
星期,xīngqī,週,今天星期幾？,Jīntiān xīngqí jǐ?,今日は何の日ですか?
星期天,xīngqītiān,日曜日,我星期天要打工。,Wǒ xīngqítiān yào dǎgōng.,日曜日は仕事をしなければなりません。
星期日,xīngqīrì,日曜日,他每個星期日都去打高爾夫球。,Tā měi gè xīngqírì dōu qù dǎ gāo'ěrfū qiú.,彼は毎週日曜日にゴルフをします。
週末,zhōumò,週末,你週末有什麼計畫？,Nǐ zhōumò yǒu shénme jìhuà?,週末の予定は何ですか?
生日,shēngrì,誕生日,今天是他生日。,Jīntiān shì tā shēngrì.,今日は彼の誕生日です。
年,nián,年,今年是狗年。,Jīnnián shì gǒunián.,今年は戌年です。
月,yuè,月,你的生日幾月幾號？,Nǐ de shēngrì jǐ yuè jǐ hào?,あなたの誕生日はいつですか？
日,rì,日,今天幾月幾日？,Jīntiān jǐ yuè jǐ rì?,今日は何の日ですか?
號,hào,番号,你幾號出國？,Nǐ jǐ hào chūguó?,いつ出国しますか？
天,tiān,空,我想休息幾天去旅行。,Wǒ xiǎng xiūxí jǐ tiān qù lǚxíng.,旅行のために数日休暇をとりたいです。
早上,zǎoshàng,朝,早上比較冷。,Zǎoshang bǐjiào lěng.,朝はもっと寒いです。
上午,shàngwǔ,午前,這家店上午沒開。,Zhè jiā diàn shàngwǔ méi kāi.,午前中はお店は開いておりません。
中午,zhōngwǔ,正午,你中午吃什麼？,Nǐ zhōngwǔ chī shénme?,昼食には何を食べますか？
下午,xiàwǔ,午後,我下午去機場接你。,Wǒ xiàwǔ qù jīchǎng jiē nǐ.,午後に空港までお迎えに行きます。
晚上,wǎnshàng,夜,晚上要不要一起吃飯？,Wǎnshàng yào bú yào yìqǐ chīfàn?,今夜一緒に夕食を食べませんか?
點,diǎn,〜時,我今天三點下課。,Wǒ jīntiān sān diǎn xiàkè.,今日は3時に授業が終わります。
分,fēn,〜分,現在十二點五分。,Xiànzài shí'èr diǎn wǔ fēn.,午後５時１２分です。
時候,shíhòu,〜のとき、とき、時間,你什麼時候有空？,Nǐ shénme shíhou yǒu kòng?,いつ空いていますか？
以前,yǐqián,以前、昔、〜の前,以前這裡是夜市。,Yǐqián zhèlǐ shì yèshì.,ここはかつて夜市だったそうです。
以後,yǐhòu,以後、今後、〜のあと,以後你想住在哪裡？,Yǐhòu nǐ xiǎng zhù zài nǎlǐ?,将来どこに住みたいですか？
先,xiān,先に、まず,我先走了。,Wǒ xiān zǒu le.,私が先に出発します。
在,zài,〜で、〜に,參考書放在桌子上。,Cānkǎoshū fàng zài zhuōzi shàng.,参考書はテーブルの上にあります。
這裡,zhèlǐ,ここ、そこ,這裡是桃園國際機場。,Zhèlǐ shì Táoyuán Guójì Jīchǎng.,ここは桃園国際空港です。
這兒,zhè'er,ここ、そこ,松山機場就是這兒。,Sōngshān Jīchǎng jiù shì zhè'er.,松山空港はここです。
那裡,nàlǐ,そこには,那裡是高雄車站。,Nàlǐ shì Gāoxióng Chēzhàn.,それが高雄駅です。
那兒,nà'er,そこには,基隆港在那兒。,Jīlóng Gǎng zài nà'er.,基隆港があります。
哪裡,nǎlǐ,どこ,洗手間在哪裡？,Xǐshǒujiān zài nǎlǐ?,お手洗いはどこですか？
哪兒,nǎ'er,どこ,圓山大飯店在哪兒？,Yuánshān Dàfàndiàn zài nà'er?,グランドホテルはどこにありますか？
上面,shàngmiàn,その上,水果放上面。,Shuǐguǒ fàng shàngmiàn.,上にフルーツを置きます。
下面,xiàmiàn,下,青菜放下面。,Qīngcài fàng xiàmiàn.,下に野菜を置きます。
外面,wàimiàn,外,今天外面很熱。,Jīntiān wàimiàn hěn rè.,今日は外は暑いです。
前面,qiánmiàn,フロント,前面是捷運站。,Qiánmiàn shì jiéyùn zhàn.,目の前はMRTの駅です。
後面,hòumiàn,後で,飯店後面有便利商店。,Fàndiàn hòumiàn yǒu biànlì shāngdiàn.,ホテル裏手にコンビニがございます。
左邊,zuǒbiān,左,美食街在左邊。,Měishíjiē zài zuǒbiān.,フードコートは左側にあります。
右邊,yòubiān,右,郵局在右邊。,Yóujú zài yòubiān.,郵便局は右側にあります。
旁邊,pángbiān,そば、かたわら,我旁邊有空位。,Wǒ pángbiān yǒu kòngwèi.,私の隣の席が空いています。
中間,zhōngjiān,間、中間,小孩坐在爸爸媽媽中間。,Xiǎohái zuò zài bàba māma zhōngjiān.,子供は両親の間に座ります。
附近,fùjìn,近く,這附近有銀行嗎？,Zhè fùjìn yǒu yínháng ma?,この近くに銀行はありますか?
地方,dìfāng,場所,這是什麼地方？,Zhè shì shénme dìfāng?,ここは何ですか？
台灣,Táiwān,台湾,台灣是美麗的寶島。,Táiwān shì měilì de bǎodǎo.,台湾は美しい宝の島です。
中國,Zhōngguó,中国,中國有很多大貓熊。,Zhōngguó yǒu hěn duō dà māoxióng.,中国にはジャイアントパンダがたくさんいます。
日本,Rìběn,日本,我朋友要去日本學動畫。,Wǒ péngyǒu yào qù Rìběn xué dònghuà.,私の友達はアニメーションを勉強するために日本へ行く予定です。
美國,Měiguó,アメリカ合衆国,我想去美國。,Wǒ xiǎng qù Měiguó.,アメリカに行きたいです。
近,jìn,近い,銀行很近。,Yínháng hěn jìn.,銀行はとても近いです。
遠,yuǎn,遠い,我家離學校不遠。,Wǒ jiā lí xuéxiào bù yuǎn.,私の家は学校からそれほど遠くありません。
手,shǒu,手,爸爸的手很大。,Bàba de shǒu hěn dà.,お父さんの手は大きいです。
身體,shēntǐ,体,爺爺身體不舒服。,Yéye shēntǐ bù shūfu.,おじいちゃんの体調が良くありません。
眼睛,yǎnjīng,目,她有一雙大眼睛。,Tā yǒu yì shuāng dà yǎnjīng.,彼女は大きな目をしています。
藥,yào,薬,這是什麼藥？,Zhè shì shénme yào?,これは何の薬ですか?
大,dà,大きい,有沒有大一點的？,Yǒu méiyǒu dà yìdiǎn de?,もっと大きなものはありますか？
小,xiǎo,小さい,這個袋子太小了。,Zhège dàizi tài xiǎo le.,このバッグは小さすぎます。
熱,rè,熱い,今天很熱。,Jīntiān hěn rè.,今日はとても暑いですね。
冷,lěng,寒い,我覺得冷氣太冷。,Wǒ juéde lěngqì tài lěng.,エアコンが寒すぎると思います。
快,kuài,素早い,快一點。,Kuài yìdiǎn.,急いで。
慢,màn,遅い,慢慢來。,Màn man lái.,ゆっくりしてください。
多,duō,多くの,工作太多了。,Gōngzuò tài duō le.,大変です。
少,shǎo,少し,飯太少。,Fàn tài shǎo.,食べ物が少なすぎる。
新,xīn,新しい,有沒有新的。,Yǒu méiyǒu xīn de.,新しいものはありますか。
長,cháng / zhǎng,長さ,開會的時間太長了。,Kāihuì de shíjiān tài cháng le.,会議に時間がかかりすぎました。
高,gāo,高い,台北一零一很高。,Táiběi yī líng yī hěn gāo.,台北101はとても高いです。
好看,hǎokàn,美しい、きれいである、体裁が良い,這雙運動鞋很好看。,Zhè shuāng yùndòngxié hěn hǎokàn.,このスニーカーはかっこいいです。
漂亮,piàoliàng,美しい、きれいである,真漂亮。,Zhēn piàoliang.,それは美しいです。
一樣,yíyàng,同じ,我和你一樣高。,Wǒ hé nǐ yíyàng gāo.,私はあなたと同じくらい背が高いです。
高興,gāoxìng,うれしい、楽しい,我很高興。,Wǒ hěn gāoxìng.,とても嬉しいです。
快樂,kuàilè,楽しい、愉快である,生日快樂。,Shēngrì kuàilè.,お誕生日おめでとう。
有趣,yǒuqù,面白い,這部動畫很有趣。,Zhè bù dònghuà hěn yǒuqù.,このアニメーションはとても面白いです。
知道,zhīdào,知っている、わかっている,我不知道他是誰。,Wǒ bù zhīdào tā shì shéi.,彼が誰なのか分かりません。
認識,rènshì,知っている、面識がある、認識する,你認識五月天嗎？,Nǐ rènshì Wǔ Yuè Tiān ma?,メーデーってご存知ですか？
懂,dǒng,理解する,我不懂他的心。,Wǒ bù dǒng tā de xīn.,彼の心が分かりません。
想,xiǎng,〜したい、考える、〜と思う、恋しい,我想去台灣留學。,Wǒ xiǎng qù Táiwān liúxué.,台湾に留学したいです。
要,yào,〜しなければならない、〜したい,太晚了，我要回家了。,"Tài wǎn le, wǒ yào huí jiā le.",もう遅いので家に帰ります。
覺得,juéde,〜と思う、感じる,你覺得金門高粱酒好喝嗎？,Nǐ juéde Jīnmén Gāoliáng jiǔ hǎo hē ma?,金門高麗酒はおいしいと思いますか?
喜歡,xǐhuān,好きである、好む、よく〜する,小英喜歡爬山。,Xiǎo Yīng xǐhuān páshān.,シャオインは山に登るのが好きです。
愛,ài,愛する、好む、よく〜する,田中愛吃台灣小吃。,Tiánzhōng ài chī Táiwān xiǎochī.,台湾のお菓子が大好きな田中さん。
笑,xiào,笑う,不要笑我。,Bú yào xiào wǒ.,私を笑わないでください。
意思,yìsi,意味、気持ち、趣,這是什麼意思？,Zhè shì shénme yìsi?,これはどういう意味ですか？
做,zuò,する、やる、作る,今年寒假你想做什麼？,Jīnnián hánjià nǐ xiǎng zuò shénme?,この冬休みは何をしたいですか?
用,yòng,使う,中文課請用中文說話。,Zhōngwén kè qǐng yòng Zhōngwén shuōhuà.,中国語の授業では中国語で話してください。
去,qù,行く,你去哪裡？,Nǐ qù nǎlǐ?,あなたはどこに行きますか？
來,lái,来る,你來台灣多久了？,Nǐ lái Táiwān duō jiǔ le?,台湾に来てどれくらいですか？
到,dào,到着する、達する、行く、来る,我十二點到台南。,Wǒ shí'èr diǎn dào Táinán.,12時に台南に到着します。
回,huí,戻る,明天我坐飛機回東京。,Míngtiān wǒ zuò fēijī huí Dōngjīng.,明日の飛行機で東京に戻ります。
走,zǒu,歩く、行く、離れる,走吧。,Zǒu ba.,さあ行こう。
走路,zǒulù,歩く,我走路回家。,Wǒ zǒulù huí jiā.,歩いて家に帰ります。
跑,pǎo,走る,山豬跑得很快。,Shānzhū pǎo de hěn kuài.,イノシシはとても速く走ります。
進來,jìnlái,お入りください,可以寄來嗎？,Kěyǐ jì lái ma?,送ってもらえますか？
出去,chūqù,外出,我想出去買東西。,Wǒ xiǎng chūqù mǎi dōngxī.,何かを買いに出かけたいです。
站,zhàn,立つ,不要站在外面。,Bú yào zhàn zài wàimiàn.,外に立たないでください。
坐,zuò,座る,我喜歡坐船旅行。,Wǒ xǐhuān zuò chuán lǚxíng.,私は船で旅行するのが大好きです。
說,shuō,言う、話す、説明する,請再說一次。,Qǐng zài shuō yí cì.,もう一度言ってください。
說話,shuōhuà,話をする,在圖書館不要大聲說話。,Zài túshūguǎn bú yào dàshēng shuōhuà.,図書館では大声で話さないでください。
聽,tīng,聞く,你要聽媽媽的話。,Nǐ yào tīng māma de huà.,お母さんの言うことを聞かなければなりません。
問,wèn,尋ねる、問う,請問，這站在哪裡？,"Qǐngwèn, zhè zhàn zài nǎlǐ?",すみません、この駅はどこですか?
讀,dú,読む、勉強する,黃小姐最近再讀台灣小說。,Huáng xiǎojiě zuìjìn zài dú Táiwān xiǎoshuō.,黄さんは最近また台湾の小説を読み始めた。
寫,xiě,書く,請寫在這裡。,Qǐng xiě zài zhèlǐ.,ここに書いてください。
練習,liànxí,練習する,奶奶每天練習太極拳。,Nǎinai měitiān liànxí Tàijí quán.,おばあちゃんは毎日太極拳を練習しています。
看,kàn,見る,我想去日月潭看風景。,Wǒ xiǎng qù Rìyuètán kàn fēngjǐng.,日月潭に景色を見に行きたいです。
找,zhǎo,探す,你找誰？,Nǐ zhǎo shéi?,誰を探していますか?
準備,zhǔnbèi,準備する、〜するつもりである,準備好了嗎？,Zhǔnbèi hǎo le ma?,準備はできたか？
開,kāi,開く、開ける、起動する、始める,來，開動了。,"Lái, kāidòng le.",さあ、始めましょう。
開始,kāishǐ,始める、始まる,他開始學做蛋糕。,Tā kāishǐ xué zuò dàngāo.,彼はケーキ作りを学び始めた。
等,děng,待つ,請等一下。,Qǐng děng yíxià.,お待ちください。
拿,ná,持つ、取る、つかむ、捕らえる,票你拿了嗎？,Piào nǐ ná le ma?,チケットは取れましたか？
放,fàng,置く,鑰匙放在哪裡？,Yàoshi fàng zài nǎlǐ?,鍵はどこにありますか?
換,huàn,交換する、かえる,可以跟您換名片嗎？,Kěyǐ gēn nín huàn míngpiàn ma?,あなたと名刺を交換してもいいですか？
給,gěi,与える,蔡老師給我一本書。,Cài lǎoshī gěi wǒ yì běn shū.,カイ先生が私に本をくれました。
送,sòng,届ける,我送你去車站。,Wǒ sòng nǐ qù chēzhàn.,駅までお送りします。
帶,dài,持ってくる,下雨了，記得帶雨傘出門。,"Xiàyǔ le, jìdé dài yǔsǎn chūmén.",雨が降ったら、出かけるときは傘を忘れずに持っていきましょう。
介紹,jièshào,導入,請大家自我介紹一下。,Qǐng dàjiā zìwǒ jièshào yíxià.,自己紹介をお願いします。
參加,cānjiā,参加する,我想參加媽祖遶境活動。,Wǒ xiǎng cānjiā Māzǔ rào jìng huódòng.,媽祖周遊活動に参加したいです。
生活,shēnghuó,人生,這裡的生活很自由。,Zhèlǐ de shēnghuó hěn zìyóu.,ここでの生活はとても自由です。
東西,dōngxī,もの,媽媽喜歡買東西。,Māma xǐhuān mǎi dōngxī.,お母さんは物を買うのが好きです。
電話,diànhuà,電話,我再打電話給你。,Wǒ zài dǎ diànhuà gěi nǐ.,また電話します。
打電話,dǎ diànhuà,電話をかける,有空打電話給我。,Yǒu kòng dǎ diànhuà gěi wǒ.,時間があったら電話してください。
電視,diànshì,テレビ,我很少看電視。,Wǒ hěn shǎo kàn diànshì.,私はテレビをほとんど見ません。
電腦,diànnǎo,コンピューター,你有電腦嗎？,Nǐ yǒu diànnǎo ma?,コンピューターをお持ちですか?
手機,shǒujī,携帯電話,我的手機不見了。,Wǒ de shǒujī bú jiàn le.,電話が行方不明です。
號碼,hàomǎ,番号,你的手機號碼幾號？,Nǐ de shǒujī hàomǎ jǐ hào?,携帯電話番号は何ですか?
衣服,yīfú,衣類,你的衣服在哪買的？,Nǐ de yīfú zài nǎ mǎi de?,どこで服を買いましたか？
鞋子,xiézi,靴,進門前先脫鞋子。,Jìnmén qián xiān tuō xiézi.,入る前に靴を脱いでください。
褲子,kùzi,パンツ,這件褲子太緊了。,Zhè jiàn kùzi tài jǐn le.,このズボンはきつすぎます。
穿,chuān,着る,天冷了，都穿一件衣服。,"Tiān lěng le, dōu chuān yí jiàn yīfú.",寒いので一枚着ていきましょう。
紙,zhǐ,紙,你會折紙飛機嗎？,Nǐ huì zhé zhǐ fēijī ma?,折り紙で飛行機を作ることはできますか？
信,xìn,手紙,現在人們很少寫信了。,Xiànzài rénmen hěn shǎo xiě xìn le.,今では手紙を書く人はほとんどいません。
家,jiā,家,我家在板橋。,Wǒ jiā zài Bǎnqiáo.,私の家は板橋にあります。
房子,fángzi,家、部屋,這房子是有名的四合院。,Zhè fángzi shì yǒumíng de sìhéyuàn.,この家は有名な中庭の家です。
門,mén,ドア,門口貼了一個「福」子。,Ménkǒu tiē le yí gè 'fú' zì.,ドアには「福」のステッカーが貼ってあります。
客廳,kètīng,リビングルーム,他在客廳看電視。,Tā zài kètīng kàn diànshì.,彼はリビングルームでテレビを見ています。
住,zhù,住む、泊まる,你住哪裡？,Nǐ zhù nǎlǐ?,どこに住んでいますか？
起床,qǐchuáng,起きる,這個星期六我七點半起床。,Zhè ge xīngqíliù wǒ qī diǎn bàn qǐchuáng.,今週の土曜日、私は７時半に起きました。
睡覺,shuìjiào,寝る,他昨天很晚睡覺。,Tā zuótiān hěn wǎn shuìjiào.,彼は昨夜遅くに寝ました。
洗,xǐ,洗う,吃飯之前要洗手。,Chīfàn zhīqián yào xǐshǒu.,食べる前に手を洗ってください。
洗澡,xǐzǎo,風呂に入る、シャワーを浴びる,我的貓不喜歡洗澡。,Wǒ de māo bù xǐhuān xǐzǎo.,うちの猫はお風呂が嫌いです。
學校,xuéxiào,学校,今天學校沒課。,Jīntiān xuéxiào méi kè.,今日は学校に授業がありません。
大學,dàxué,大学,這所大學很有名。,Zhè suǒ dàxué hěn yǒumíng.,この大学はとても有名です。
中學,zhōngxué,中学校,我從中文開始學英文。,Wǒ cóng Zhōngwén kāishǐ xué Yīngwén.,私は中国語から英語を学び始めました。
年級,niánjí,学年,他現在高中三年級。,Tā xiànzài gāozhōng sān niánjí.,彼は今、高校三年生です。
老師,lǎoshī,教師,你的中文老師是誰？,Nǐ de Zhōngwén lǎoshī shì shéi?,あなたの中国語の先生は誰ですか?
學生,xuéshēng,学生,學生半價。,Xuéshēng bànjià.,学生は半額です。
學,xué,学ぶ、習う、真似る,我在學注音符號。,Wǒ zài xué zhùyīn fúhào.,発音記号を勉強しています。
學習,xuéxí,勉強,學習語言也能學習文化。,Xuéxí yǔyán yě néng xuéxí wénhuà.,言語を学ぶことは文化を学ぶことでもあります。
上課,shàngkè,授業に出る、授業を受ける、授業をする,你幾點上課？,Nǐ jǐ diǎn shàngkè?,何時に授業がありますか？
下課,xiàkè,授業が終わる,下課後我們去逛街。,Xiàkè hòu wǒmen qù guàngjiē.,授業が終わったらわたしたちは街に遊びに行きます。
考試,kǎoshì,試験、テスト、試験をする,準備大學考試很辛苦。,Zhǔnbèi dàxué kǎoshì hěn xīnkǔ.,大学受験の準備は大変です。
問題,wèntí,問題、質問,你有什麼問題？,Nǐ yǒu shénme wèntí?,なにか問題がありますか？
英文,Yīngwén,英語,我會唱英文歌。,Wǒ huì chàng Yīngwén gē.,私は英語の歌を歌うことができます。
數學,shùxué,数学,瑪麗最喜歡的科目是數學。,Mǎlì zuì xǐhuān de kēmù shì shùxué.,メアリーの好きな科目は数学です。
歷史,lìshǐ,歴史,我們從歷史學到什麼？,Wǒmen cóng lìshǐ xué dào shénme?,私たちは歴史から何を学べますか?
字,zì,字,你的字很漂亮。,Nǐ de zì hěn piàoliang.,あなたの手書きは美しいですね。
筆,bǐ,筆記具,借我一支筆。,Jiè wǒ yì zhī bǐ.,ペンを貸してください。
書,shū,本,這本書介紹台灣的歷史。,Zhè běn shū jièshào Táiwān de lìshǐ.,この本は台湾の歴史を紹介しています。
圖書館,túshūguǎn,図書館,這個圖書館有百年歷史。,Zhè ge túshūguǎn yǒu bǎinián lìshǐ.,この図書館には100年の歴史があります。
難,nán,難しい、〜しにくい,中文難不難？,Zhōngwén nán bù nán?,中国語は難しいですか？
容易,róngyì,易しい、〜しやすい,中文發音不容易。,Zhōngwén fāyīn bù róngyì.,中国語の発音は簡単ではありません。
工作,gōngzuò,仕事,我今天工作很忙。,Wǒ jīntiān gōngzuò hěn máng.,今日は仕事でとても忙しいです。
公司,gōngsī,会社,他在日商公司上班。,Tā zài Rìshāng gōngsī shàngbān.,彼は日本の会社で働いています。
醫院,yīyuàn,病院,他在這家醫院工作。,Tā zài zhè jiā yīyuàn gōngzuò.,彼はこの病院で働いています。
醫生,yīshēng,医者,他是一個外科醫生。,Tā shì yí gè wàikē yīshēng.,彼は外科医です。
忙,máng,忙しい,最近忙不忙。,Zuìjìn máng bù máng.,最近忙しかったですか？
累,lèi,疲れた,他昨天工作很累。,Tā zuótiān gōngzuò hěn lèi.,彼は昨日仕事でとても疲れていました。
吃,chī,食べる,你想吃什麼？,Nǐ xiǎng chī shénme?,何を食べたいですか？
好吃,hǎochī,美味しい,芒果冰很好吃。,Mángguǒ bīng hěn hǎochī.,マンゴーアイスが美味しいです。
飯,fàn,食事,要不要一起吃中飯。,Yào bù yào yìqǐ chī zhōngfàn.,一緒にランチをしませんか？
菜,cài,野菜,你會做菜嗎？,Nǐ huì zuò cài ma?,料理はできますか？
肉,ròu,肉,他不吃肉。,Tā bù chī ròu.,彼は肉を食べません。
魚,yú,魚,你吃過虱目魚湯嗎？,Nǐ chīguò shīmùyú tāng ma?,サバヒーのスープを食べたことがありますか？
蘋果,píngguǒ,りんご,日本的富士蘋果很好吃。,Rìběn de Fùshì píngguǒ hěn hǎochī.,日本のふじりんごは美味しいです。
喝,hē,飲む,他愛喝葡萄酒。,Tā ài hē pútaojiǔ.,彼はワインを飲むのが大好きです。
酒,jiǔ,酒,我不會喝酒。,Wǒ bú huì hējiǔ.,飲み方が分かりません。
水,shuǐ,水,給我一杯水。,Gěi wǒ yì bēi shuǐ.,水を一杯ください。
咖啡,kāfēi,コーヒー,他喜歡喝黑咖啡。,Tā xǐhuān hē hēi kāfēi.,彼はブラックコーヒーを飲むのが好きです。
茶,chá,お茶,你聽過東方美人茶嗎？,Nǐ tīngguò Dōngfāng Měirén chá ma?,東方美人茶をご存知ですか？
瓶,píng,〜本（瓶に入っているものを数える）,先來一瓶啤酒。,Xiān lái yì píng píjiǔ.,まずはビールを一本ください。
杯,bēi,〜杯,我想喝一杯木瓜牛奶汁。,Wǒ xiǎng hē yì bēi mùguā niúnǎi zhī.,パパイヤミルクジュースを一杯飲みたいです。
餐廳,cāntīng,レストラン,這家印度餐廳很道地。,Zhè jiā Yìndù cāntīng hěn dàodì.,このインド料理レストランはとても本格的です。
飯館,fànguǎn,レストラン,這家北京飯館很有名。,Zhè jiā Běijīng fànguǎn hěn yǒumíng.,この北京料理店はとても有名です。
電影,diànyǐng,映画,這部電影很好看。,Zhè bù diànyǐng hěn hǎokàn.,この映画はとてもいいです。
畫,huà,絵画,我女兒喜歡畫畫。,Wǒ nǚ'ér xǐhuān huàhuà.,私の娘は絵を描くのが好きです。
音樂,yīnyuè,音楽,你喜歡聽什麼音樂？,Nǐ xǐhuān tīng shénme yīnyuè?,どのような音楽を聴くのが好きですか?
票,piào,チケット,紅毛城的門票一張多少錢？,Hóngmáochéng de ménpiào yì zhāng duōshǎo qián?,紅毛城の入場券は1枚いくらですか？
照片,zhàopiàn,写真,你這張照片很好看。,Nǐ zhè zhāng zhàopiàn hěn hǎokàn.,あなたの写真は美しいですね。
打,dǎ,球技をする、打つ、叩く,櫻木週末喜歡去但籃球。,Yīngmù zhōumò xǐhuān qù dǎ lánqiú.,桜木さんは週末にバスケットボールをするのが好きです。
玩,wán,遊ぶ,他喜歡和同學玩球。,Tā xǐhuān hé tóngxué wán qiú.,彼はクラスメートとボールで遊ぶのが好きです。
運動,yùndòng,運動する,他每天運動。,Tā měitiān yùndòng.,彼は毎日運動します。
運動,yùndòng,運動、スポーツ,你喜歡看什麼運動比賽？,Nǐ xǐhuān kàn shénme yùndòng bǐsài?,どのスポーツを見るのが好きですか?
唱歌,chànggē,歌う,阿妹唱歌很好聽。,Ā Mèi chànggē hěn hǎotīng.,妹は歌が上手です。
買,mǎi,購入,我去買一杯珍珠奶茶。,Wǒ qù mǎi yì bēi zhēnzhū nǎichá.,タピオカミルクティーを一杯買うつもりです。
賣,mài,売る,這個賣多少錢？,Zhège mài duōshǎo qián?,これはいくらで売れますか？
錢,qián,お金,比爾蓋茲很有錢。,Bǐ'ěrgàizī hěn yǒu qián.,ビル・ゲイツは金持ちだ。
元,yuán,元,我要美元換台幣。,Wǒ yào Měiyuán huàn Táibì.,米ドルを台湾ドルに両替したいのですが。
塊,kuài,〜元、〜個（塊のもの）,一碗豆花幾塊錢？,Yì wǎn dòuhuā jǐ kuài qián?,豆一杯はいくらですか?
貴,guì,高い,太貴了。,Tài guì le.,高すぎる。
便宜,piányí,安い,算便宜一點吧。,Suàn piányí yìdiǎn ba.,もう少し安く検討してください。
市場,shìchǎng,市場,這附近有市場嗎？,Zhè fùjìn yǒu shìchǎng ma?,この近くに市場はありますか?
車子,chēzi,車,他買了一輛紅色的跑車。,Tā mǎi le yí liàng hóngsè de pǎochē.,彼は赤いスポーツカーを買いました。
開車,kāichē,運転する,喝酒不開車，開車不喝酒。,"Hējiǔ bù kāichē, kāichē bù hējiǔ.",飲酒しているときは運転しないでください、運転するときも飲酒してはいけません。
公車,gōngchē,バス,這輛公車去故宮嗎？,Zhè liàng gōngchē qù Gùgōng ma?,このバスは故宮に行きますか？
地鐵,dìtiě,地下鉄,這附近有地鐵站嗎？,Zhè fùjìn yǒu dìtiě zhàn ma?,この近くに地下鉄の駅はありますか?
路,lù,道路、道筋、路線,一路平安。,Yí lù píng'ān.,安全な旅をお過ごしください。
方便,fāngbiàn,便利である,台北的捷運很方便。,Táiběi de jiéyùn hěn fāngbiàn.,台北のMRTはとても便利です。
天,tiān,空,飛機在天上飛。,Fēijī zài tiān shàng fēi.,空には飛行機が飛んでいます。
天氣,tiānqì,天気,今天天氣很好。,Jīntiān tiānqì hěn hǎo.,今日はいい天気ですね。
山,shān,山,阿里山的日出很美。,Ālǐshān de rìchū hěn měi.,阿里山の日の出は美しいです。
河,hé,川,淡水河的夕陽很浪漫。,Dànshuǐhé de xìyáng hěn làngmàn.,淡水川に沈む夕日はとてもロマンチックです。
海,hǎi,海,台灣係面環海。,Táiwān xì miàn huán hǎi.,台湾は海に囲まれています。
風,fēng,風,風輕輕的吹。,Fēng qīngqīng de chuī.,風が優しく吹きます。
花,huā,花,張奶奶很會種花。,Zhāng nǎinai hěn huì zhòng huā.,張おばあちゃんは花を植えるのがとても上手です。
狗,gǒu,犬,他養了一條狗。,Tā yǎng le yì tiáo gǒu.,彼は犬を飼っています。
樹,shù,木,榕樹在台灣很常見。,Róngshù zài Táiwān hěn chángjiàn.,ガジュマルの木は台湾ではよく見られます。
很,hěn,とても,很高興認識你。,Hěn gāoxìng rènshì nǐ.,はじめまして。
非常,fēicháng,非常に、きわめて,媽媽今天非常高興。,Māma jīntiān fēicháng gāoxìng.,お母さんは今日とても幸せです。
真,zhēn,本当に,我是真的愛你。,Wǒ shì zhēn de ài nǐ.,本当に愛しています。
太,tài,〜すぎる、たいへん,今天三十八度太熱了。,Jīntiān sānshíbā dù tài rè le.,今日の38度は暑すぎます。
好,hǎo,とても、ずいぶんと,這次的地震好大。,Zhè cì de dìzhèn hǎo dà.,今回の地震はとても大きかったです。
再,zài,再び、もう一度,請再看一次。,Qǐng zài kàn yí cì.,もう一度見てください。
每,měi,〜のたび、それぞれの,他每天早上去公園散步。,Tā měitiān zǎoshang qù gōngyuán sànbù.,彼は毎朝公園に散歩に行きます。
常常,chángcháng,よく、しょっちゅう,小林常常去吃牛肉麵。,Xiǎolín chángcháng qù chī niúròumiàn.,シャオリンはよく牛肉麺を食べに行きます。
也,yě,〜も、〜でも、〜さえも,他也是在中國工作。,Tā yě shì zài Zhōngguó gōngzuò.,彼は中国でも働いています。
都,dōu,どれも、すべて,他們都是英國人。,Tāmen dōu shì Yīngguó rén.,彼らは全員イギリス人です。
只,zhǐ,〜だけ、ただ〜,我一直有一個哥哥。,Wǒ yīzhí yǒu yí gè gēge.,私にはいつも兄がいた。
多,duō,たくさん、よく,多吃一點。,Duō chī yìdiǎn.,もっと食べてください。
一點兒,yìdiǎnr,少し,我想多看一點中文書。,Wǒ xiǎng duō kàn yìdiǎn Zhōngwén shū.,もっと中国語の本を読みたいです。
一些,yīxiē,いくつかの,我想找一些資料。,Wǒ xiǎng zhǎo yìxiē zīliào.,何か情報を見つけたいです。
一起,yìqǐ,一緒に,我們一起去。,Wǒmen yìqǐ qù.,一緒に行きましょう。
比,bǐ,〜より、〜に比べて,女兒比我高了。,Nǚ'ér bǐ wǒ gāo le.,私の娘は私より背が高いです。
和,hé,〜と〜,這台電腦和腳踏車都是台灣做的。,Zhè tái diànnǎo hé jiǎotàchē dōu shì Táiwān zuò de.,このコンピュータも自転車も台湾製です。
跟,gēn,〜と〜,我要吃水餃包跟酸辣湯。,Wǒ yào chī shuǐjiǎo bāo gēn suānlàtāng.,餃子と酸辣湯が食べたいです。
可是,kěshì,しかし,哥哥想吃大餐可是沒錢。,Gēge xiǎng chī dàcān kěshì méi qián.,私の兄はたくさん食べたいのですが、お金がありません。
還是,háishì,それとも、あいかわらず、やはり,你要咖啡還是紅茶？,Nǐ yào kāfēi háishì hóngchá?,コーヒーか紅茶が飲みたいですか？
因為,yīnwèi,なぜなら、〜なので、〜のために,因為太餓，沒辦法睡覺。,"Yīnwèi tài è, méi bànfǎ shuìjiào.",お腹が空きすぎて眠れませんでした。
所以,suǒyǐ,したがって、だから、それゆえに,他頭痛，所以沒來上課。,"Tā tóutòng, suǒyǐ méi lái shàngkè.",彼は頭が痛かったので授業に来なかった。
會,huì,〜できる、〜する可能性がある,你會煮日本菜嗎？,Nǐ huì zhǔ Rìběn cài ma?,日本食を作ることはできますか？
能,néng,〜できる、〜してもよい,這裡不能吸菸。,Zhèlǐ bùnéng xīyān.,ここは禁煙です。
可以,kěyǐ,〜できる、〜してもよい,我可以坐這裡嗎？,Wǒ kěyǐ zuò zhèlǐ ma?,ここに座ってもいいですか？
可能,kěnéng,〜かもしれない,他可能不來了。,Tā kěnéng bù lái le.,彼は来ないかもしれない。
得,de / děi,動詞や形容詞のあとにおいて補語を導く,哥哥吃飯吃得很快。,Gēge chīfàn chī de hěn kuài.,私の兄はとても早く食べます。
吧,ba,相談・要求・支持・同意,快吃吧。,Kuài chī ba.,早く食べなさい。
著,zhe / zháo / zhuó,継続・持続,小花看著我，不說一句話。,"Xiǎo Huā kànzhe wǒ, bù shuō yí jù huà.",小花は私を見つめたまま、一言も話しませんでした。
呢,ne,疑問・強調・確定,我吃雪花冰，你呢？,"Wǒ chī xuěhuābīng, nǐ ne?",私はかき氷を食べます。あなたは？
了,le,完了・実現・変化,我吃飽了。,Wǒ chī bǎo le.,もうお腹パンパン。
過,guò,〜したことがある,你去過九份嗎？,Nǐ qùguò Jiǔfèn ma?,九份に行ったことがありますか？
喂,wéi / wèi,もしもし、ちょっと、おい,喂，請問李老師在嗎？,"Wèi, qǐngwèn Lǐ lǎoshī zài ma?",こんにちは、リー先生はいらっしゃいますか？
給,gěi,〜に、〜に対して、〜に向かって、〜のために,我想買禮物給爸爸。,Wǒ xiǎng mǎi lǐwù gěi bàba.,父へのプレゼントを買いたいです。
從,cóng,〜から,我從今天開始減肥。,Wǒ cóng jīntiān kāishǐ jiǎnféi.,今日から体重を減らし始めます。
離,lí,〜から、〜まで,你家離這裡有多遠？,Nǐ jiā lí zhèlǐ yǒu duō yuǎn?,あなたの家はここからどれくらい離れていますか？
往,wǎng,〜にむかって、〜の方へ,往台東的列車即將到達。,Wǎng Táidōng de lièchē jíjiāng dàodá.,もうすぐ台東行きの電車が到着します。